source,target,segment_count,journey_count,avg_delay_delta,avg_arrival_delay_next,avg_arrival_delay_current,weight,avg_delay_delta_positive
cz:55100:NVBW_99711,cz:55100:NVBW_11342:0:1,1,1,,0.0,,0.0,
cz:55100:NVBW_11342:0:1,de:09362:11090:5:16,1,1,0.0,0.0,0.0,0.0,0.0
de:09362:11090:5:16,de:09161:9009:3:7,1,1,0.0,0.0,0.0,0.0,0.0
de:09161:9009:3:7,de:09771:2301:0:E,1,1,0.0,0.0,0.0,0.0,0.0
de:09771:2301:0:E,de:09761:432:0:1,1,1,0.0,0.0,0.0,0.0,0.0
de:09761:432:0:1,de:08421:1699:0:1,1,1,0.0,0.0,0.0,0.0,0.0
de:08421:1699:0:1,de:08116:2103:3:1,1,1,0.0,0.0,0.0,0.0,0.0
de:08116:2103:3:1,de:08416:11000,1,1,0.0,0.0,0.0,0.0,0.0
de:08416:11000,ch:23026:62997:0:1,1,1,0.0,0.0,0.0,0.0,0.0
fr:24075:11171:0:Flix,fr:24077:1444:0:Flix,1,1,,0.0,,0.0,
fr:24077:1444:0:Flix,fr:24067:1301,1,1,0.0,0.0,0.0,0.0,0.0
fr:24067:1301,de:08317:14509:1:1,1,1,0.0,0.0,0.0,0.0,0.0
de:08317:14509:1:1,de:08237:1002:2:8,1,1,0.0,0.0,0.0,0.0,0.0
de:08237:1002:2:8,de:08416:11000,1,1,0.0,0.0,0.0,0.0,0.0
de:08416:11000,de:08116:2103:3:1,1,1,0.0,0.0,0.0,0.0,0.0
de:08116:2103:3:1,de:08421:1699:0:1,1,1,0.0,0.0,0.0,0.0,0.0
de:08421:1699:0:1,de:09162:145:17:17,1,1,0.0,0.0,0.0,0.0,0.0
de:08416:11000:4:5,de:08415:22006:2:1,1,1,,7.0,,7.0,
de:08415:22006:2:1,de:08415:22008:3:2,1,1,0.0,7.0,7.0,0.0,0.0
de:08415:22008:3:2,de:08116:5772:1:2,1,1,0.0,7.0,7.0,0.0,0.0
de:08116:5772:1:2,de:08116:2931:2:2,1,1,-1.0,6.0,7.0,-1.0,0.0
de:08116:2931:2:2,de:08116:5770:1:1,1,1,0.0,6.0,6.0,0.0,0.0
de:08116:5770:1:1,de:08116:4257:1:1,1,1,0.0,6.0,6.0,0.0,0.0
de:08116:4257:1:1,de:08116:7802:1:7,1,1,0.0,6.0,6.0,0.0,0.0
de:08116:7802:1:7,de:08116:7800:1:7,1,1,-1.0,5.0,6.0,-1.0,0.0
de:08116:7800:1:7,de:08111:6333:2:1,1,1,0.0,5.0,5.0,0.0,0.0
de:08111:6333:2:1,de:08111:6115:2:3,1,1,0.0,5.0,5.0,0.0,0.0
de:08111:6115:2:3,de:08118:7402:3:1,1,1,-5.0,0.0,5.0,-5.0,0.0
de:08118:7402:3:1,de:08118:1400:4:10,1,1,0.0,0.0,0.0,0.0,0.0
de:08118:1400:4:10,de:08118:5583:1:1,1,1,0.0,0.0,0.0,0.0,0.0
de:08118:5583:1:1,de:08118:5785:1:1,1,1,0.0,0.0,0.0,0.0,0.0
de:08118:5785:1:1,de:08118:5723:1:1,1,1,0.0,0.0,0.0,0.0,0.0
de:08118:5723:1:1,de:08125:1438:3:2,1,1,0.0,0.0,0.0,0.0,0.0
de:08125:1438:3:2,de:08125:8155:2:2,1,1,0.0,0.0,0.0,0.0,0.0
de:08125:8155:2:2,de:08121:26:4:4,1,1,0.0,0.0,0.0,0.0,0.0
de:08416:11000:2:1,de:08416:12001:3:2,2,2,,0.0,,0.0,
de:08416:12001:3:2,de:08416:2002:3:2,2,2,0.0,0.0,0.0,0.0,0.0
de:08416:2002:3:2,de:08415:22003:3:2,2,2,0.0,0.0,0.0,0.0,0.0
de:08415:22003:3:2,de:08415:22004:3:2,2,2,0.0,0.0,0.0,0.0,0.0
de:08415:22004:3:2,de:08415:22005:3:2,2,2,0.0,0.0,0.0,0.0,0.0
de:08415:22005:3:2,de:08415:22006:3:3,1,1,0.0,0.0,0.0,0.0,0.0
de:08415:22005:3:2,de:08415:22006:2:1,1,1,0.0,0.0,0.0,0.0,0.0
de:08416:11000:2:13,de:08416:12041:5:1,2,2,,0.0,,0.0,
de:08416:12041:5:1,de:08416:12046:2:1,2,2,0.0,0.0,0.0,0.0,0.0
de:08416:12046:2:1,de:08416:12043:2:1,3,3,0.0,0.0,0.0,0.0,0.0
de:08416:12043:2:1,de:08416:2043:2:1,3,3,0.0,0.0,0.0,0.0,0.0
de:08416:2043:2:1,de:08416:2044:2:1,2,2,0.0,0.0,0.0,0.0,0.0
de:08416:2044:2:1,de:08416:5212:2:1,2,2,0.0,0.0,0.0,0.0,0.0
de:08416:5212:2:1,de:08115:3231:1:1,2,2,0.0,0.0,0.0,0.0,0.0
de:08115:3231:1:1,de:08115:7202:1:1,2,2,0.0,0.0,0.0,0.0,0.0
de:08115:7202:1:1,de:08115:4512:4:102,2,2,0.0,0.0,0.0,0.0,0.0
de:08416:11000:2:13,de:08416:12041:5:2,1,1,,0.0,,0.0,
de:08416:12041:5:2,de:08416:12046:2:1,1,1,0.0,0.0,0.0,0.0,0.0
de:08416:2043:2:1,de:08416:2044:2:2,1,1,0.0,0.0,0.0,0.0,0.0
de:08416:11000:4:6,de:08416:12101:2:1,2,2,,0.0,,0.0,
de:08416:12101:2:1,de:08416:2102:1:1,2,2,0.0,0.0,0.0,0.0,0.0
de:08416:2102:1:1,de:08416:2103:2:1,2,2,0.0,0.0,0.0,0.0,0.0
de:08416:2103:2:1,de:08416:1006:2:1,1,1,0.0,0.0,0.0,0.0,0.0
de:08416:1006:2:1,de:08416:4456:3:1,1,1,0.0,0.0,0.0,0.0,0.0
de:08416:4456:3:1,de:08416:2106:1:1,2,2,0.0,0.0,0.0,0.0,0.0
de:08416:2106:1:1,de:08417:32107:2:1,2,2,0.0,0.0,0.0,0.0,0.0
de:08417:32107:2:1,de:08417:30104:3:2,1,1,0.0,0.0,0.0,0.0,0.0
de:08417:30104:3:2,de:08417:32109:4:3,1,1,0.0,0.0,0.0,0.0,0.0
de:08417:32109:4:3,de:08417:32110:3:2,1,1,0.0,0.0,0.0,0.0,0.0
de:08416:2103:2:1,de:08416:1006:3:2,1,1,0.0,0.0,0.0,0.0,0.0
de:08416:1006:3:2,de:08416:4456:3:1,1,1,0.0,0.0,0.0,0.0,0.0
de:08417:32107:2:1,de:08417:30104:2:1,1,1,0.0,0.0,0.0,0.0,0.0
de:08417:30104:2:1,de:08417:30752:2:1,1,1,0.0,0.0,0.0,0.0,0.0
de:08417:30752:2:1,de:08417:32109:4:3,1,1,0.0,0.0,0.0,0.0,0.0
de:08417:32109:4:3,de:08417:32113:2:1,1,1,0.0,0.0,0.0,0.0,0.0
de:08417:32113:2:1,de:08417:32200:2:1,1,1,0.0,0.0,0.0,0.0,0.0
de:08417:32200:2:1,de:08417:32115:2:1,1,1,0.0,0.0,0.0,0.0,0.0
de:08417:32115:2:1,de:08417:32116:2:Gleis,1,1,0.0,0.0,0.0,0.0,0.0
de:08417:32116:2:Gleis,de:08417:47604:2:1,1,1,0.0,0.0,0.0,0.0,0.0
de:08417:47604:2:1,de:08417:32110:3:2,1,1,0.0,0.0,0.0,0.0,0.0
de:08416:11000:3:12,de:08416:2503:2:1,2,2,,2.5,,2.5,
de:08416:2503:2:1,de:08416:1005:3:2,1,1,-1.0,4.0,5.0,-1.0,0.0
de:08416:1005:3:2,de:08416:2505:2:1,1,1,0.0,4.0,4.0,0.0,0.0
de:08416:2505:2:1,de:08416:2506:3:2,1,1,-1.0,3.0,4.0,-1.0,0.0
de:08416:2506:3:2,de:08237:8031:3:2,1,1,0.0,3.0,3.0,0.0,0.0
de:08237:8031:3:2,de:08237:5212:2:1,1,1,-3.0,0.0,3.0,-3.0,0.0
de:08237:5212:2:1,de:08237:5001:4:6,1,1,0.0,0.0,0.0,0.0,0.0
de:08416:2503:2:1,de:08416:1005:2:1,1,1,0.0,0.0,0.0,0.0,0.0
de:08416:11000:14:H,de:08416:10904:0:1,3,3,0.0,0.0,0.0,0.0,0.0
de:08416:10904:0:1,de:08416:10906:0:1,3,3,0.0,0.0,0.0,0.0,0.0
de:08416:10906:0:1,de:08416:10905:0:1,3,3,0.0,0.0,0.0,0.0,0.0
de:08416:10905:0:1,de:08416:10907:0:1,3,3,0.0,0.0,0.0,0.0,0.0
de:08416:10907:0:1,de:08416:13050:0:1,3,3,0.0,0.0,0.0,0.0,0.0
de:08416:13050:0:1,de:08416:13041:0:1,3,3,0.0,0.0,0.0,0.0,0.0
de:08416:13041:0:1,de:08416:13303:1:1,3,3,0.0,0.0,0.0,0.0,0.0
de:08416:13303:1:1,de:08416:12502:1:1,3,3,0.0,0.0,0.0,0.0,0.0
de:08416:12502:1:1,de:08416:13034:0:1,3,3,0.0,0.0,0.0,0.0,0.0
de:08416:13034:0:1,de:08416:3035:0:1,1,1,0.0,0.0,0.0,0.0,0.0
de:08416:3035:0:1,de:08416:3040:0:1,1,1,0.0,0.0,0.0,0.0,0.0
de:08416:3040:0:1,de:08416:1005:1:A,1,1,0.0,0.0,0.0,0.0,0.0
de:08416:10204:0:5,de:08416:10203:0:4,15,15,0.01,1.371,1.736,0.01,0.01
de:08416:10203:0:4,de:08416:10190:0:4,6,6,0.0,3.0,3.0,0.0,0.0
de:08416:10190:0:4,de:08416:10191:0:4,6,6,0.0,3.0,3.0,0.0,0.0
de:08416:10191:0:4,de:08416:10192:0:4,6,6,0.0,3.0,3.0,0.0,0.0
de:08416:10192:0:4,de:08416:10508:0:4,8,8,0.0,2.25,2.25,0.0,0.0
de:08416:10508:0:4,de:08416:10502:0:5,37,37,0.003,0.562,0.559,0.003,0.003
de:08416:10502:0:5,de:08416:10501:0:4,37,37,-0.03,0.532,0.562,-0.03,0.0
de:08416:10501:0:4,de:08416:11000:14:J,35,35,-0.031,0.531,0.563,-0.031,0.0
de:08416:11000:14:J,de:08416:11000:14:H,2,2,0.0,0.0,0.0,0.0,0.0
de:08416:13034:0:1,de:08416:13035:0:1,2,2,0.0,0.0,0.0,0.0,0.0
de:08416:13035:0:1,de:08416:13034:0:4,2,2,,0.0,,0.0,
de:08416:13034:0:4,de:08416:12502:1:4,2,2,0.0,0.0,0.0,0.0,0.0
de:08416:12502:1:4,de:08416:13303:3:4,2,2,0.0,0.0,0.0,0.0,0.0
de:08416:13303:3:4,de:08416:13041:0:4,2,2,0.0,0.0,0.0,0.0,0.0
de:08416:13041:0:4,de:08416:13050:0:4,2,2,0.0,0.0,0.0,0.0,0.0
de:08416:13050:0:4,de:08416:10907:0:4,2,2,0.0,0.0,0.0,0.0,0.0
de:08416:10907:0:4,de:08416:10905:0:4,2,2,0.0,0.0,0.0,0.0,0.0
de:08416:10905:0:4,de:08416:10906:0:4,2,2,0.0,0.0,0.0,0.0,0.0
de:08416:10906:0:4,de:08416:10904:0:4,2,2,0.0,0.0,0.0,0.0,0.0
de:08416:10904:0:4,de:08416:11000:11:B,5,5,0.08,3.62,3.54,0.08,0.08
de:08416:11000:11:B,de:08416:10501:0:3,20,20,-0.125,0.805,1.131,-0.125,0.0
de:08416:10501:0:3,de:08416:10520:0:3,38,38,-0.013,0.447,0.461,-0.013,0.0
de:08416:10520:0:3,de:08416:10509:0:1,20,20,0.0,0.805,0.805,0.0,0.0
de:08416:10509:0:1,de:08416:10507:0:8,7,7,0.0,2.3,2.3,0.0,0.0
de:08416:10507:0:8,de:08416:10510:0:1,17,17,0.0,1.044,1.044,0.0,0.0
de:08416:10510:0:1,de:08416:10192:0:2,7,7,0.0,2.3,2.3,0.0,0.0
de:08416:10192:0:2,de:08416:10191:0:1,7,7,0.0,2.3,2.3,0.0,0.0
de:08416:10191:0:1,de:08416:10190:0:1,7,7,0.0,2.3,2.3,0.0,0.0
de:08416:10190:0:1,de:08416:10203:0:1,7,7,0.0,2.3,2.3,0.0,0.0
de:08416:10203:0:1,de:08416:10204:0:3,20,20,0.0,0.805,0.805,0.0,0.0
de:08416:11000:13:L,de:08416:10517:0:1,7,7,,0.014,,0.014,
de:08416:10517:0:1,de:08416:10800:0:1,26,26,0.0,0.004,0.004,0.0,0.0
de:08416:10800:0:1,de:08416:10826:0:1,10,10,0.0,0.01,0.01,0.0,0.0
de:08416:10826:0:1,de:08416:10801:0:1,10,10,0.0,0.01,0.01,0.0,0.0
de:08416:10801:0:1,de:08416:806:0:0,7,7,0.0,0.014,0.014,0.0,0.0
de:08416:806:0:0,de:08416:802:0:2,7,7,0.0,0.014,0.014,0.0,0.0
de:08416:802:0:2,de:08416:803:0:0,7,7,0.0,0.014,0.014,0.0,0.0
de:08416:803:0:0,de:08416:809:0:0,7,7,0.0,0.014,0.014,0.0,0.0
de:08416:809:0:0,de:08416:807:0:0,7,7,0.0,0.014,0.014,0.0,0.0
de:08416:807:0:0,de:08416:804:0:0,7,7,0.0,0.014,0.014,0.0,0.0
de:08416:804:0:0,de:08416:802:0:1,7,7,0.0,0.014,0.014,0.0,0.0
de:08416:802:0:1,de:08416:4004:0:0,7,7,0.0,0.014,0.014,0.0,0.0
de:08416:4004:0:0,de:08415:29350:0:1,1,1,0.0,0.0,0.0,0.0,0.0
de:08415:29350:0:1,de:08415:29246:0:2,1,1,0.0,0.0,0.0,0.0,0.0
de:08415:29246:0:2,de:08415:29245:0:2,1,1,0.0,0.0,0.0,0.0,0.0
de:08415:29245:0:2,de:08415:29244:0:2,1,1,0.0,0.0,0.0,0.0,0.0
de:08415:29244:0:2,de:08415:29170:0:1,1,1,0.0,0.0,0.0,0.0,0.0
de:08415:29170:0:1,de:08415:29351:0:2,1,1,0.0,0.0,0.0,0.0,0.0
de:08415:29351:0:2,de:08415:29352:0:2,1,1,0.0,0.0,0.0,0.0,0.0
de:08415:29352:0:2,de:08415:22004:1:1,1,1,0.0,0.0,0.0,0.0,0.0
de:08415:22004:1:1,de:08415:29353:0:2,1,1,0.0,0.0,0.0,0.0,0.0
de:08415:29353:0:2,de:08415:29260:0:2,1,1,0.0,0.0,0.0,0.0,0.0
de:08415:29260:0:2,de:08415:29110:0:2,1,1,0.0,0.0,0.0,0.0,0.0
de:08415:29110:0:2,de:08415:29143:0:2,1,1,0.0,0.0,0.0,0.0,0.0
de:08415:29143:0:2,de:08415:22005:1:2,1,1,0.0,0.0,0.0,0.0,0.0
de:08415:22005:1:2,de:08415:29333:2:C,1,1,0.0,0.0,0.0,0.0,0.0
de:08415:29333:2:C,de:08415:22006:1:H4,1,1,0.0,0.0,0.0,0.0,0.0
de:08416:10316:0:1,de:08416:10307:0:4,2,2,,0.0,,0.0,
de:08416:10307:0:4,de:08416:10302:0:4,3,3,0.0,0.0,0.0,0.0,0.0
de:08416:10302:0:4,de:08416:10306:0:4,3,3,0.0,0.0,0.0,0.0,0.0
de:08416:10306:0:4,de:08416:10305:0:4,3,3,0.0,0.0,0.0,0.0,0.0
de:08416:10305:0:4,de:08416:10300:0:4,3,3,0.0,0.0,0.0,0.0,0.0
de:08416:10300:0:4,de:08416:10505:0:4,5,5,0.0,0.0,0.0,0.0,0.0
de:08416:10505:0:4,de:08416:10506:0:4,6,6,0.0,0.0,0.0,0.0,0.0
de:08416:10506:0:4,de:08416:10507:0:8,7,7,0.0,0.0,0.0,0.0,0.0
de:08416:10507:0:8,de:08416:10508:0:4,28,28,0.014,0.096,0.082,0.014,0.014
de:08416:11000:14:J,de:08416:11000:12:F,11,11,0.0,0.0,0.0,0.0,0.0
de:08416:11000:12:F,de:08416:10517:0:1,15,15,0.0,0.0,0.0,0.0,0.0
de:08416:10800:0:1,de:08416:10614:0:1,6,6,0.0,0.0,0.0,0.0,0.0
de:08416:10614:0:1,de:08416:10816:0:1,2,2,0.0,0.0,0.0,0.0,0.0
de:08416:10816:0:1,de:08416:10813:0:1,2,2,0.0,0.0,0.0,0.0,0.0
de:08416:10813:0:1,de:08416:10808:0:1,9,9,0.067,0.067,0.0,0.067,0.067
de:08416:10808:0:1,de:08416:10818:0:1,2,2,0.0,0.0,0.0,0.0,0.0
de:08416:10818:0:1,de:08416:10819:0:4,2,2,0.0,0.0,0.0,0.0,0.0
de:08416:10323:0:4,de:08416:10327:0:4,2,2,,0.5,0.0,0.5,
de:08416:10327:0:4,de:08416:10326:0:4,2,2,0.1,0.6,0.5,0.1,0.1
de:08416:10326:0:4,de:08416:10338:0:1,2,2,-0.6,0.0,0.6,-0.6,0.0
de:08416:10338:0:1,de:08416:10310:0:4,2,2,0.0,0.0,0.0,0.0,0.0
de:08416:10310:0:4,de:08416:10309:0:4,1,1,0.6,0.6,0.0,0.6,0.6
de:08416:10309:0:4,de:08416:10337:0:4,1,1,0.1,0.7,0.6,0.1,0.1
de:08416:10337:0:4,de:08416:10308:0:4,1,1,-0.1,0.6,0.7,-0.1,0.0
de:08416:10308:0:4,de:08416:10333:0:4,1,1,-0.1,0.5,0.6,-0.1,0.0
de:08416:10333:0:4,de:08416:10307:0:4,1,1,-0.5,0.0,0.5,-0.5,0.0
de:08416:10819:0:4,de:08416:10818:0:4,2,2,,0.0,,0.0,
de:08416:10818:0:4,de:08416:10808:0:4,2,2,0.0,0.0,0.0,0.0,0.0
de:08416:10808:0:4,de:08416:10813:0:4,7,7,0.26,0.214,0.04,0.26,0.26
de:08416:10813:0:4,de:08416:10816:0:4,2,2,0.0,0.0,0.0,0.0,0.0
de:08416:10816:0:4,de:08416:10614:0:4,2,2,0.0,0.0,0.0,0.0,0.0
de:08416:10614:0:4,de:08416:10800:0:4,2,2,0.0,0.0,0.0,0.0,0.0
de:08416:10800:0:4,de:08416:10518:0:4,5,5,0.02,0.64,0.62,0.02,0.02
de:08416:10518:0:4,de:08416:11000:14:J,20,20,0.01,0.17,0.16,0.01,0.01
de:08416:11000:14:J,de:08416:11000:11:C,2,2,0.0,0.0,0.0,0.0,0.0
de:08416:11000:11:C,de:08416:10501:0:2,9,9,0.0,0.0,0.0,0.0,0.0
de:08416:10501:0:2,de:08416:10520:0:2,21,21,0.0,0.0,0.0,0.0,0.0
de:08416:10520:0:2,de:08416:10503:0:2,11,11,0.0,0.0,0.0,0.0,0.0
de:08416:10503:0:2,de:08416:10504:0:1,11,11,0.0,0.0,0.0,0.0,0.0
de:08416:10504:0:1,de:08416:10505:0:1,11,11,0.0,0.0,0.0,0.0,0.0
de:08416:10505:0:1,de:08416:10300:0:1,11,11,0.0,0.0,0.0,0.0,0.0
de:08416:10300:0:1,de:08416:10305:0:1,9,9,0.0,0.0,0.0,0.0,0.0
de:08416:10305:0:1,de:08416:10303:0:1,5,5,0.0,0.0,0.0,0.0,0.0
de:08416:10303:0:1,de:08416:10322:0:1,5,5,0.0,0.0,0.0,0.0,0.0
de:08416:10322:0:1,de:08416:10319:0:1,5,5,0.0,0.0,0.0,0.0,0.0
de:08416:10319:0:1,de:08416:10320:0:1,5,5,0.0,0.0,0.0,0.0,0.0
de:08416:10320:0:1,de:08416:10325:0:1,5,5,0.0,0.0,0.0,0.0,0.0
de:08416:10325:0:1,de:08416:10318:0:1,5,5,0.0,0.0,0.0,0.0,0.0
de:08416:10318:0:1,de:08416:10315:0:1,5,5,0.0,0.0,0.0,0.0,0.0
de:08416:10315:0:1,de:08416:10317:0:1,5,5,0.0,0.0,0.0,0.0,0.0
de:08416:10317:0:1,de:08416:10316:0:1,5,5,0.0,0.0,0.0,0.0,0.0
de:08416:10316:0:1,de:08416:10332:0:1,1,1,0.0,0.0,0.0,0.0,0.0
de:08416:10332:0:1,de:08416:10333:0:1,5,5,0.0,0.0,0.0,0.0,0.0
de:08416:10333:0:1,de:08416:10308:0:1,5,5,0.0,0.0,0.0,0.0,0.0
de:08416:10308:0:1,de:08416:10337:0:1,5,5,0.0,0.0,0.0,0.0,0.0
de:08416:10337:0:1,de:08416:10323:0:4,5,5,0.0,0.0,0.0,0.0,0.0
de:08416:11000:14:G,de:08416:10700:0:1,2,2,,0.0,,0.0,
de:08416:10700:0:1,de:08416:10918:0:1,2,2,0.0,0.0,0.0,0.0,0.0
de:08416:10918:0:1,de:08416:10914:0:1,2,2,0.0,0.0,0.0,0.0,0.0
de:08416:10914:0:1,de:08416:10916:0:1,2,2,0.0,0.0,0.0,0.0,0.0
de:08416:11000:11:A,de:08416:10501:0:3,16,16,-0.14,0.088,0.42,-0.14,0.0
de:08416:10520:0:3,de:08416:10503:0:3,18,18,-0.017,0.033,0.05,-0.017,0.0
de:08416:10503:0:3,de:08416:10504:0:1,8,8,0.0,0.0,0.0,0.0,0.0
de:08416:10504:0:1,de:08416:10250:0:1,5,5,0.0,0.0,0.0,0.0,0.0
de:08416:10250:0:1,de:08416:10252:0:4,5,5,0.0,0.0,0.0,0.0,0.0
de:08416:10252:0:4,de:08416:10251:0:1,5,5,0.0,0.0,0.0,0.0,0.0
de:08416:10251:0:1,de:08416:10253:0:1,5,5,0.0,0.0,0.0,0.0,0.0
de:08416:10253:0:1,de:08416:10213:0:1,5,5,0.0,0.0,0.0,0.0,0.0
de:08416:10213:0:1,de:08416:10212:0:1,22,22,0.0,0.086,0.0,0.0,0.0
de:08416:10212:0:1,de:08416:10211:0:1,22,22,-0.005,0.082,0.086,-0.005,0.0
de:08416:10211:0:1,de:08416:10260:0:1,22,22,0.0,0.082,0.082,0.0,0.0
de:08416:10260:0:4,de:08416:10211:0:4,26,26,0.0,0.058,0.0,0.0,0.0
de:08416:10211:0:4,de:08416:10212:0:4,26,26,-0.015,0.042,0.058,-0.015,0.0
de:08416:10212:0:4,de:08416:10213:0:4,26,26,-0.012,0.031,0.042,-0.012,0.0
de:08416:10213:0:4,de:08416:10214:0:1,6,6,0.05,0.083,0.033,0.05,0.05
de:08416:10214:0:1,de:08416:10234:0:4,6,6,0.1,0.183,0.083,0.1,0.1
de:08416:10234:0:4,de:08416:10229:0:4,6,6,-0.1,0.083,0.183,-0.1,0.0
de:08416:10229:0:4,de:08416:10233:0:4,6,6,-0.083,0.0,0.083,-0.083,0.0
de:08416:10233:0:4,de:08416:10231:0:4,6,6,0.0,0.0,0.0,0.0,0.0
de:08416:10231:0:4,de:08416:10232:0:4,6,6,0.0,0.0,0.0,0.0,0.0
de:08416:10232:0:4,de:08416:10230:0:4,6,6,0.0,0.0,0.0,0.0,0.0
de:08416:10230:0:4,de:08416:10222:0:4,6,6,0.0,0.0,0.0,0.0,0.0
de:08416:10222:0:4,de:08416:10221:0:4,13,13,0.023,0.115,0.092,0.023,0.023
de:08416:10221:0:4,de:08416:10235:0:4,13,13,0.085,0.2,0.115,0.085,0.085
de:08416:10235:0:4,de:08416:10507:0:8,13,13,-0.085,0.115,0.2,-0.085,0.0
de:08416:11000:14:J,de:08416:11000:12:E,16,16,-0.038,0.0,0.038,-0.038,0.0
de:08416:11000:12:E,de:08416:10517:0:1,16,16,0.012,0.012,0.0,0.012,0.012
de:08416:10517:0:1,de:08416:10901:0:1,8,8,0.0,0.0,0.0,0.0,0.0
de:08416:10901:0:1,de:08416:10920:0:1,8,8,0.0,0.0,0.0,0.0,0.0
de:08416:10920:0:1,de:08416:10921:0:2,6,6,0.0,0.0,0.0,0.0,0.0
de:08416:10921:0:2,de:08416:10729:0:1,6,6,0.0,0.0,0.0,0.0,0.0
de:08416:10729:0:1,de:08416:10704:0:1,6,6,0.0,0.0,0.0,0.0,0.0
de:08416:10704:0:1,de:08416:10705:0:2,14,14,0.0,0.0,0.0,0.0,0.0
de:08416:10705:0:2,de:08416:10706:0:1,6,6,0.0,0.0,0.0,0.0,0.0
de:08416:10706:0:1,de:08416:10722:0:1,6,6,0.0,0.0,0.0,0.0,0.0
de:08416:10722:0:1,de:08416:10723:0:4,6,6,0.0,0.0,0.0,0.0,0.0
de:08416:10723:0:4,de:08416:10722:0:4,2,2,,0.0,,0.0,
de:08416:10722:0:4,de:08416:10706:0:4,2,2,0.0,0.0,0.0,0.0,0.0
de:08416:10706:0:4,de:08416:10713:0:1,2,2,0.0,0.0,0.0,0.0,0.0
de:08416:10713:0:1,de:08416:10704:0:4,11,11,-0.009,0.0,0.009,-0.009,0.0
de:08416:10704:0:4,de:08416:10729:0:4,2,2,0.0,0.0,0.0,0.0,0.0
de:08416:10729:0:4,de:08416:10921:0:4,2,2,0.0,0.0,0.0,0.0,0.0
de:08416:10921:0:4,de:08416:10920:0:4,4,4,0.0,0.0,0.0,0.0,0.0
de:08416:10920:0:4,de:08416:10901:0:4,4,4,0.0,0.0,0.0,0.0,0.0
de:08416:10901:0:4,de:08416:10518:0:4,4,4,0.0,0.0,0.0,0.0,0.0
de:08416:11000:14:J,de:08416:11000:11:A,5,5,-0.12,0.42,0.54,-0.12,0.0
de:08416:10503:0:3,de:08416:10235:0:1,10,10,-0.01,0.05,0.06,-0.01,0.0
de:08416:10235:0:1,de:08416:10220:0:1,10,10,0.0,0.05,0.05,0.0,0.0
de:08416:10220:0:1,de:08416:10221:0:1,10,10,-0.05,0.0,0.05,-0.05,0.0
de:08416:10221:0:1,de:08416:10222:0:1,10,10,0.0,0.0,0.0,0.0,0.0
de:08416:10222:0:1,de:08416:10230:0:1,5,5,0.0,0.0,0.0,0.0,0.0
de:08416:10230:0:1,de:08416:10232:0:1,4,4,0.0,0.0,0.0,0.0,0.0
de:08416:10232:0:1,de:08416:10231:0:1,4,4,0.0,0.0,0.0,0.0,0.0
de:08416:10231:0:1,de:08416:10233:0:1,4,4,0.0,0.0,0.0,0.0,0.0
de:08416:10233:0:1,de:08416:10229:0:1,4,4,0.0,0.0,0.0,0.0,0.0
de:08416:10229:0:1,de:08416:10234:0:1,4,4,0.0,0.0,0.0,0.0,0.0
de:08416:10234:0:1,de:08416:10214:0:4,4,4,0.0,0.0,0.0,0.0,0.0
de:08416:10214:0:4,de:08416:10213:0:1,4,4,0.0,0.0,0.0,0.0,0.0
de:08416:10213:0:4,de:08416:10242:0:4,8,8,0.088,0.275,0.188,0.088,0.088
de:08416:10242:0:4,de:08416:10241:0:4,7,7,-0.014,0.143,0.157,-0.014,0.0
de:08416:10241:0:4,de:08416:10240:0:4,7,7,0.0,0.143,0.143,0.0,0.0
de:08416:10240:0:4,de:08416:10243:0:4,8,8,0.0,0.125,0.125,0.0,0.0
de:08416:10243:0:4,de:08416:10222:0:4,7,7,0.029,0.171,0.143,0.029,0.029
de:08416:10800:0:1,de:08416:10810:0:1,10,10,0.0,0.0,0.0,0.0,0.0
de:08416:10810:0:1,de:08416:10811:0:1,10,10,0.0,0.0,0.0,0.0,0.0
de:08416:10811:0:1,de:08416:10812:0:1,7,7,0.0,0.0,0.0,0.0,0.0
de:08416:10812:0:1,de:08416:10813:0:1,9,9,0.0,0.0,0.0,0.0,0.0
de:08416:10808:0:1,de:08416:10814:0:1,7,7,-0.086,0.0,0.086,-0.086,0.0
de:08416:10814:0:1,de:08416:10817:0:1,7,7,0.0,0.0,0.0,0.0,0.0
de:08416:10817:0:1,de:08416:10815:0:1,7,7,0.0,0.0,0.0,0.0,0.0
de:08416:10815:0:4,de:08416:10817:0:4,3,3,,0.0,,0.0,
de:08416:10817:0:4,de:08416:10814:0:4,3,3,0.233,0.233,0.0,0.233,0.233
de:08416:10814:0:4,de:08416:10808:0:4,3,3,-0.167,0.067,0.233,-0.167,0.0
de:08416:10813:0:4,de:08416:10812:0:4,5,5,0.06,0.36,0.3,0.06,0.06
de:08416:10812:0:4,de:08416:10811:0:4,3,3,0.1,0.7,0.6,0.1,0.1
de:08416:10811:0:4,de:08416:10810:0:4,3,3,0.033,0.733,0.7,0.033,0.033
de:08416:10810:0:4,de:08416:10800:0:4,3,3,0.3,1.033,0.733,0.3,0.3
de:08416:10222:0:1,de:08416:10243:0:1,5,5,0.0,0.0,0.0,0.0,0.0
de:08416:10243:0:1,de:08416:10240:0:1,5,5,0.0,0.0,0.0,0.0,0.0
de:08416:10240:0:1,de:08416:10241:0:1,5,5,0.0,0.0,0.0,0.0,0.0
de:08416:10241:0:1,de:08416:10242:0:1,5,5,0.0,0.0,0.0,0.0,0.0
de:08416:10242:0:1,de:08416:10213:0:1,7,7,0.0,0.0,0.0,0.0,0.0
de:08416:10260:0:1,de:08416:10209:0:4,8,8,-0.025,0.2,0.225,-0.025,0.0
de:08416:10209:0:4,de:08416:10208:0:4,8,8,0.012,0.212,0.2,0.012,0.012
de:08416:10208:0:4,de:08416:10207:0:4,8,8,-0.012,0.2,0.212,-0.012,0.0
de:08416:10207:0:4,de:08416:10206:0:4,9,9,0.022,0.2,0.178,0.022,0.022
de:08416:10206:0:4,de:08416:10205:0:4,9,9,-0.022,0.178,0.2,-0.022,0.0
de:08416:10205:0:4,de:08416:10124:1:6,9,9,-0.011,0.167,0.178,-0.011,0.0
de:08416:10124:1:6,de:08416:10204:0:5,9,9,-0.044,0.122,0.167,-0.044,0.0
de:08416:10203:0:4,de:08416:10202:0:4,8,8,0.013,0.162,0.15,0.013,0.013
de:08416:10202:0:4,de:08416:10201:0:4,8,8,0.0,0.162,0.162,0.0,0.0
de:08416:10201:0:4,de:08416:10200:0:4,8,8,-0.038,0.125,0.162,-0.038,0.0
de:08416:10200:0:4,de:08416:10507:0:8,8,8,-0.025,0.1,0.125,-0.025,0.0
de:08416:10517:0:1,de:08416:10715:0:1,2,2,0.0,0.0,0.0,0.0,0.0
de:08416:10715:0:1,de:08416:10702:0:1,2,2,0.0,0.0,0.0,0.0,0.0
de:08416:10702:0:1,de:08416:10703:0:1,8,8,0.0,0.075,0.075,0.0,0.0
de:08416:10703:0:1,de:08416:10704:0:1,8,8,-0.075,0.0,0.075,-0.075,0.0
de:08416:10705:0:2,de:08416:10717:0:1,8,8,0.062,0.062,0.0,0.062,0.062
de:08416:10717:0:1,de:08416:12101:1:1,8,8,0.0,0.062,0.062,0.0,0.0
de:08416:12101:1:1,de:08416:10709:0:1,8,8,0.0,0.062,0.062,0.0,0.0
de:08416:10709:0:1,de:08416:10711:0:4,17,17,0.0,0.05,0.062,0.0,0.0
de:08416:10711:0:4,de:08416:10708:0:4,19,19,-0.042,0.0,0.042,-0.042,0.0
de:08416:10517:0:1,de:08416:10700:0:1,8,8,-0.025,0.0,0.025,-0.025,0.0
de:08416:10700:0:1,de:08416:10701:0:1,6,6,0.0,0.0,0.0,0.0,0.0
de:08416:10701:0:1,de:08416:10702:0:1,6,6,0.1,0.1,0.0,0.1,0.1
de:08416:10509:0:1,de:08416:10200:0:1,13,13,0.0,0.0,0.0,0.0,0.0
de:08416:10200:0:1,de:08416:10201:0:1,13,13,0.0,0.0,0.0,0.0,0.0
de:08416:10201:0:1,de:08416:10202:0:1,13,13,0.0,0.0,0.0,0.0,0.0
de:08416:10202:0:1,de:08416:10203:0:1,13,13,0.0,0.0,0.0,0.0,0.0
de:08416:10204:0:3,de:08416:10124:2:1,16,16,0.0,1.006,1.006,0.0,0.0
de:08416:10124:2:1,de:08416:10205:0:1,13,13,0.0,0.0,0.0,0.0,0.0
de:08416:10205:0:1,de:08416:10206:0:1,13,13,0.0,0.0,0.0,0.0,0.0
de:08416:10206:0:1,de:08416:10207:0:1,13,13,0.0,0.0,0.0,0.0,0.0
de:08416:10207:0:1,de:08416:10208:0:1,13,13,0.0,0.0,0.0,0.0,0.0
de:08416:10208:0:1,de:08416:10209:0:1,13,13,0.0,0.0,0.0,0.0,0.0
de:08416:10209:0:1,de:08416:10234:0:1,13,13,0.0,0.0,0.0,0.0,0.0
de:08416:10234:0:1,de:08416:10260:0:4,13,13,0.0,0.0,0.0,0.0,0.0
de:08416:10708:0:4,de:08416:12101:1:4,11,11,0.0,0.0,0.0,0.0,0.0
de:08416:12101:1:4,de:08416:10717:0:4,9,9,0.0,0.0,0.0,0.0,0.0
de:08416:10717:0:4,de:08416:10713:0:1,9,9,0.011,0.011,0.0,0.011,0.011
de:08416:10704:0:4,de:08416:10703:0:4,9,9,0.0,0.0,0.0,0.0,0.0
de:08416:10703:0:4,de:08416:10702:0:4,9,9,0.0,0.0,0.0,0.0,0.0
de:08416:10702:0:4,de:08416:10715:0:4,2,2,0.0,0.0,0.0,0.0,0.0
de:08416:10715:0:4,de:08416:10518:0:4,2,2,0.0,0.0,0.0,0.0,0.0
de:08416:11000:14:J,de:08416:11000:11:B,11,11,-0.064,0.0,0.064,-0.064,0.0
de:08416:10702:0:4,de:08416:10701:0:4,7,7,0.0,0.0,0.0,0.0,0.0
de:08416:10701:0:4,de:08416:10700:0:4,7,7,0.0,0.0,0.0,0.0,0.0
de:08416:10700:0:4,de:08416:10518:0:4,9,9,0.0,0.0,0.0,0.0,0.0
de:08416:11000:14:H,de:08416:10044:0:1,8,8,,0.0,,0.0,
de:08416:10044:0:1,de:08416:10045:0:1,8,8,0.0,0.0,0.0,0.0,0.0
de:08416:10045:0:1,de:08416:10046:0:1,8,8,0.0,0.0,0.0,0.0,0.0
de:08416:10046:0:1,de:08416:10047:0:1,8,8,0.0,0.0,0.0,0.0,0.0
de:08416:10047:0:1,de:08416:10016:0:4,16,16,0.0,0.0,0.0,0.0,0.0
de:08416:10016:0:4,de:08416:10048:0:4,16,16,0.0,0.0,0.0,0.0,0.0
de:08416:10252:0:4,de:08416:10254:0:4,1,1,,2.0,,2.0,
de:08416:10254:0:4,de:08416:10255:0:4,1,1,-0.5,1.5,2.0,-0.5,0.0
de:08416:10255:0:4,de:08416:10256:0:4,1,1,-0.3,1.2,1.5,-0.3,0.0
de:08416:10256:0:4,de:08416:10213:0:4,1,1,-0.3,0.9,1.2,-0.3,0.0
de:08416:10242:0:4,de:08416:10248:0:4,1,1,-0.1,1.0,1.1,-0.1,0.0
de:08416:10248:0:4,de:08416:10247:0:4,1,1,-0.3,0.7,1.0,-0.3,0.0
de:08416:10247:0:4,de:08416:10245:0:4,1,1,-0.2,0.5,0.7,-0.2,0.0
de:08416:10245:0:4,de:08416:10244:0:4,1,1,-0.3,0.2,0.5,-0.3,0.0
de:08416:10244:0:4,de:08416:10506:0:4,1,1,-0.2,0.0,0.2,-0.2,0.0
de:08416:10504:0:1,de:08416:10506:0:1,3,3,0.0,0.0,0.0,0.0,0.0
de:08416:10506:0:1,de:08416:10244:0:1,3,3,0.0,0.0,0.0,0.0,0.0
de:08416:10244:0:1,de:08416:10245:0:1,3,3,0.0,0.0,0.0,0.0,0.0
de:08416:10245:0:1,de:08416:10247:0:1,2,2,0.0,0.0,0.0,0.0,0.0
de:08416:10247:0:1,de:08416:10248:0:1,2,2,0.0,0.0,0.0,0.0,0.0
de:08416:10248:0:1,de:08416:10242:0:1,2,2,0.0,0.0,0.0,0.0,0.0
de:08416:10213:0:1,de:08416:10256:0:1,2,2,0.0,0.0,0.0,0.0,0.0
de:08416:10256:0:1,de:08416:10255:0:1,2,2,0.0,0.0,0.0,0.0,0.0
de:08416:10255:0:1,de:08416:10254:0:1,2,2,0.0,0.0,0.0,0.0,0.0
de:08416:10254:0:1,de:08416:10252:0:1,2,2,0.0,0.0,0.0,0.0,0.0
de:08416:10048:0:4,de:08416:10046:0:4,8,8,0.0,0.0,0.0,0.0,0.0
de:08416:10046:0:4,de:08416:10045:0:4,8,8,0.0,0.0,0.0,0.0,0.0
de:08416:10045:0:4,de:08416:10044:0:4,8,8,0.0,0.0,0.0,0.0,0.0
de:08416:10044:0:4,de:08416:11000:15:N,8,8,0.0,0.0,0.0,0.0,0.0
de:08416:10305:0:1,de:08416:10306:0:1,4,4,0.0,0.0,0.0,0.0,0.0
de:08416:10306:0:1,de:08416:10302:0:1,4,4,0.0,0.0,0.0,0.0,0.0
de:08416:10302:0:1,de:08416:10307:0:1,4,4,0.0,0.0,0.0,0.0,0.0
de:08416:10307:0:1,de:08416:10332:0:1,4,4,0.0,0.0,0.0,0.0,0.0
de:08416:11000:13:K,de:08416:10501:0:2,5,5,0.0,0.0,0.0,0.0,0.0
de:08416:10520:0:2,de:08416:10507:0:8,10,10,0.067,0.067,0.0,0.067,0.067
de:08416:10510:0:1,de:08416:10192:0:3,5,5,0.0,0.12,0.12,0.0,0.0
de:08416:10192:0:3,de:08416:10100:0:1,5,5,0.0,0.12,0.12,0.0,0.0
de:08416:10100:0:1,de:08416:10101:0:1,5,5,-0.12,0.0,0.12,-0.12,0.0
de:08416:10101:0:1,de:08416:10112:0:1,3,3,0.0,0.0,0.0,0.0,0.0
de:08416:10112:0:1,de:08416:10111:0:1,3,3,0.0,0.0,0.0,0.0,0.0
de:08416:10111:0:1,de:08416:10113:0:1,3,3,0.233,0.233,0.0,0.233,0.233
de:08416:10113:0:1,de:08416:10103:0:1,3,3,0.0,0.233,0.233,0.0,0.0
de:08416:10103:0:1,de:08416:10104:0:1,3,3,-0.233,0.0,0.233,-0.233,0.0
de:08416:10104:0:1,de:08416:10105:0:1,3,3,0.0,0.0,0.0,0.0,0.0
de:08416:10105:0:1,de:08416:10106:0:1,3,3,0.0,0.0,0.0,0.0,0.0
de:08416:10106:0:1,de:08416:10107:0:1,3,3,0.0,0.0,0.0,0.0,0.0
de:08416:10107:0:1,de:08416:10108:0:4,6,6,0.1,2.783,2.683,0.1,0.1
de:08416:11000:14:I,de:08416:10501:0:2,5,5,,0.0,,0.0,
de:08416:10510:0:1,de:08416:10018:0:1,5,5,0.0,0.0,0.0,0.0,0.0
de:08416:10018:0:1,de:08416:10017:0:1,2,2,0.0,0.0,0.0,0.0,0.0
de:08416:10017:0:1,de:08416:10014:2:8,2,2,0.0,0.0,0.0,0.0,0.0
de:08416:10014:2:8,de:08416:10049:0:1,2,2,0.0,0.0,0.0,0.0,0.0
de:08416:10049:0:1,de:08416:10050:0:1,2,2,0.0,0.0,0.0,0.0,0.0
de:08416:10050:0:1,de:08416:10051:0:1,2,2,0.0,0.0,0.0,0.0,0.0
de:08416:10051:0:1,de:08416:10013:0:1,2,2,0.0,0.0,0.0,0.0,0.0
de:08416:11000:12:D,de:08416:10501:0:2,7,7,0.0,0.0,0.0,0.0,0.0
de:08416:10501:0:2,de:08416:10600:0:1,3,3,0.0,0.0,0.0,0.0,0.0
de:08416:10600:0:1,de:08416:10608:0:1,3,3,0.0,0.0,0.0,0.0,0.0
de:08416:10608:0:1,de:08416:10601:0:1,3,3,0.0,0.0,0.0,0.0,0.0
de:08416:10601:0:1,de:08416:10602:0:1,3,3,0.0,0.0,0.0,0.0,0.0
de:08416:10602:0:1,de:08416:10603:0:1,3,3,,,0.0,0.0,
de:08416:10603:0:1,de:08416:10604:0:1,3,3,,,,0.0,
de:08416:10604:0:1,de:08416:10607:0:4,3,3,,,,0.0,
de:08416:10607:0:4,de:08416:10604:0:4,3,3,,,,0.0,
de:08416:10604:0:4,de:08416:10606:0:4,3,3,,,,0.0,
de:08416:10606:0:4,de:08416:10605:0:4,3,3,,,,0.0,
de:08416:10018:0:1,de:08416:10039:0:1,3,3,0.0,0.0,0.0,0.0,0.0
de:08416:10039:0:1,de:08416:12041:2:2,1,1,0.0,0.0,0.0,0.0,0.0
de:08416:12041:2:2,de:08416:10057:0:1,1,1,0.0,0.0,0.0,0.0,0.0
de:08416:10057:0:1,de:08416:10054:0:4,1,1,0.0,0.0,0.0,0.0,0.0
de:08416:10054:0:4,de:08416:10053:0:4,1,1,0.0,0.0,0.0,0.0,0.0
de:08416:10053:0:4,de:08416:10052:0:4,1,1,0.0,0.0,0.0,0.0,0.0
de:08416:10052:0:4,de:08416:10014:1:4,1,1,0.0,0.0,0.0,0.0,0.0
de:08416:10014:1:4,de:08416:10017:0:4,1,1,0.0,0.0,0.0,0.0,0.0
de:08416:10017:0:4,de:08416:10508:0:4,1,1,0.0,0.0,0.0,0.0,0.0
de:08416:10501:0:4,de:08416:11000:14:I,1,1,0.0,0.0,0.0,0.0,0.0
de:08416:10039:0:1,de:08416:12041:4:3,2,2,0.0,0.0,0.0,0.0,0.0
de:08416:12041:4:3,de:08416:10041:0:1,2,2,0.0,0.0,0.0,0.0,0.0
de:08416:10041:0:1,de:08416:10042:0:1,2,2,0.0,0.0,0.0,0.0,0.0
de:08416:10042:0:1,de:08416:10043:0:4,2,2,0.0,0.0,0.0,0.0,0.0
de:08416:10920:0:1,de:08416:10921:0:1,2,2,0.0,0.0,0.0,0.0,0.0
de:08416:10921:0:1,de:08416:10922:0:1,2,2,0.0,0.0,0.0,0.0,0.0
de:08416:10922:0:1,de:08416:10812:0:1,2,2,0.0,0.0,0.0,0.0,0.0
de:08416:10813:0:1,de:08416:10808:0:4,2,2,0.0,0.0,0.0,0.0,0.0
de:08416:10812:0:4,de:08416:10921:0:4,2,2,0.0,0.0,0.0,0.0,0.0
de:08416:10730:0:1,de:08416:10726:0:4,4,4,,0.0,0.0,0.0,
de:08416:10726:0:4,de:08416:10727:0:4,4,4,0.0,0.0,0.0,0.0,0.0
de:08416:10727:0:4,de:08416:10711:0:4,2,2,0.0,0.0,0.0,0.0,0.0
de:08416:12101:1:4,de:08416:10716:0:4,2,2,0.0,0.0,0.0,0.0,0.0
de:08416:10716:0:4,de:08416:10911:0:4,2,2,0.0,0.0,0.0,0.0,0.0
de:08416:10911:0:4,de:08416:10707:0:4,2,2,0.0,0.0,0.0,0.0,0.0
de:08416:10707:0:4,de:08416:10700:0:4,2,2,0.0,0.0,0.0,0.0,0.0
de:08416:10518:0:4,de:08416:11000:13:K,2,2,0.0,0.0,0.0,0.0,0.0
de:08416:10101:0:1,de:08416:10102:0:1,2,2,0.0,0.0,0.0,0.0,0.0
de:08416:10102:0:1,de:08416:10103:0:1,2,2,0.0,0.0,0.0,0.0,0.0
de:08416:10103:0:4,de:08416:10102:0:4,2,2,,0.0,,0.0,
de:08416:10102:0:4,de:08416:10115:0:4,2,2,0.0,0.0,0.0,0.0,0.0
de:08416:10115:0:4,de:08416:10101:0:4,2,2,0.0,0.0,0.0,0.0,0.0
de:08416:10101:0:4,de:08416:10100:0:4,2,2,0.0,0.0,0.0,0.0,0.0
de:08416:10100:0:4,de:08416:10192:0:4,2,2,0.0,0.0,0.0,0.0,0.0
de:08416:10700:0:1,de:08416:10707:0:1,2,2,0.0,0.0,0.0,0.0,0.0
de:08416:10707:0:1,de:08416:10911:0:1,2,2,0.0,0.0,0.0,0.0,0.0
de:08416:10911:0:1,de:08416:10716:0:1,2,2,0.0,0.0,0.0,0.0,0.0
de:08416:10716:0:1,de:08416:12101:1:1,2,2,0.0,0.0,0.0,0.0,0.0
de:08416:12101:1:1,de:08416:10708:0:1,2,2,0.0,0.0,0.0,0.0,0.0
de:08416:10708:0:1,de:08416:10711:0:1,2,2,0.0,0.0,0.0,0.0,0.0
de:08416:10711:0:1,de:08416:10730:0:1,2,2,0.0,0.0,0.0,0.0,0.0
de:08416:11000:12:D,de:08416:10501:0:3,2,2,,0.0,,0.0,
de:08416:10230:0:1,de:08416:10236:0:1,2,2,0.0,0.0,0.0,0.0,0.0
de:08416:10236:0:1,de:08416:10237:0:1,2,2,0.0,0.0,0.0,0.0,0.0
de:08416:10237:0:1,de:08416:10238:0:1,1,1,0.0,0.0,0.0,0.0,0.0
de:08416:10238:0:1,de:08416:10207:0:4,1,1,0.0,0.0,0.0,0.0,0.0
de:08416:10626:0:1,de:08416:10623:0:1,2,2,,0.0,,0.0,
de:08416:10623:0:1,de:08416:10625:0:1,2,2,0.0,0.0,0.0,0.0,0.0
de:08416:10625:0:1,de:08416:10624:0:1,2,2,0.0,0.0,0.0,0.0,0.0
de:08416:10624:0:1,de:08416:10622:0:4,2,2,0.0,0.0,0.0,0.0,0.0
de:08416:10622:0:4,de:08416:10619:0:4,2,2,0.0,0.0,0.0,0.0,0.0
de:08416:10619:0:4,de:08416:10621:0:4,2,2,0.0,0.0,0.0,0.0,0.0
de:08416:10621:0:4,de:08416:10620:0:4,2,2,0.0,0.0,0.0,0.0,0.0
de:08416:10620:0:4,de:08416:10518:0:4,2,2,0.0,0.0,0.0,0.0,0.0
de:08416:11000:14:J,de:08416:11000:12:D,4,4,0.0,0.0,0.0,0.0,0.0
de:08416:10300:0:1,de:08416:10313:0:1,2,2,0.0,0.0,0.0,0.0,0.0
de:08416:10313:0:1,de:08416:10312:0:4,2,2,0.0,0.0,0.0,0.0,0.0
de:08416:10312:0:4,de:08416:10331:0:4,2,2,0.0,0.0,0.0,0.0,0.0
de:08416:10331:0:4,de:08416:10627:0:1,2,2,0.0,0.0,0.0,0.0,0.0
de:08416:10627:0:4,de:08416:10331:0:1,2,2,,0.0,,0.0,
de:08416:10331:0:1,de:08416:10312:0:2,4,4,0.0,0.0,0.0,0.0,0.0
de:08416:10312:0:2,de:08416:10313:0:4,2,2,0.0,0.0,0.0,0.0,0.0
de:08416:10313:0:4,de:08416:10300:0:4,2,2,0.0,0.0,0.0,0.0,0.0
de:08416:11000:12:D,de:08416:10620:0:1,2,2,0.0,0.0,0.0,0.0,0.0
de:08416:10620:0:1,de:08416:10621:0:1,2,2,0.0,0.0,0.0,0.0,0.0
de:08416:10621:0:1,de:08416:10619:0:1,2,2,0.0,0.0,0.0,0.0,0.0
de:08416:10619:0:1,de:08416:10622:0:1,2,2,0.0,0.0,0.0,0.0,0.0
de:08416:10622:0:1,de:08416:10626:0:1,2,2,0.0,0.0,0.0,0.0,0.0
de:08416:10501:0:2,de:08416:10610:0:1,2,2,0.0,0.0,0.0,0.0,0.0
de:08416:10610:0:1,de:08416:10336:0:1,2,2,0.0,0.0,0.0,0.0,0.0
de:08416:10336:0:1,de:08416:10611:0:1,2,2,0.0,0.0,0.0,0.0,0.0
de:08416:10611:0:1,de:08416:10334:0:1,2,2,0.0,0.0,0.0,0.0,0.0
de:08416:10334:0:1,de:08416:10612:0:1,2,2,0.0,0.0,0.0,0.0,0.0
de:08416:10612:0:1,de:08416:10613:0:1,2,2,0.0,0.0,0.0,0.0,0.0
de:08416:10613:0:1,de:08416:10331:0:1,2,2,0.0,0.0,0.0,0.0,0.0
de:08416:10312:0:2,de:08416:10311:0:7,2,2,0.0,0.0,0.0,0.0,0.0
de:08416:10311:0:7,de:08416:10303:0:7,2,2,0.0,0.0,0.0,0.0,0.0
de:08416:10303:0:7,de:08416:10304:0:4,2,2,0.0,0.0,0.0,0.0,0.0
de:08416:10245:0:1,de:08416:10239:0:4,1,1,0.0,0.0,0.0,0.0,0.0
de:08416:10239:0:4,de:08416:10246:0:1,1,1,0.0,0.0,0.0,0.0,0.0
de:08416:10246:0:1,de:08416:10240:0:4,1,1,0.0,0.0,0.0,0.0,0.0
de:08416:10243:0:4,de:08416:10230:0:1,1,1,0.0,0.0,0.0,0.0,0.0
de:08416:10237:0:1,de:08416:10227:0:1,1,1,0.0,0.0,0.0,0.0,0.0
de:08416:10227:0:1,de:08416:10228:0:4,1,1,0.0,0.0,0.0,0.0,0.0
de:08416:10811:0:1,de:08416:10820:0:2,3,3,0.0,0.0,0.0,0.0,0.0
de:08416:10820:0:2,de:08416:10828:0:1,3,3,0.0,0.0,0.0,0.0,0.0
de:08416:10828:0:1,de:08416:10823:0:4,3,3,0.0,0.0,0.0,0.0,0.0
de:08416:10823:0:4,de:08416:10822:0:4,3,3,0.0,0.0,0.0,0.0,0.0
de:08416:10822:0:4,de:08416:10821:0:4,3,3,0.0,0.0,0.0,0.0,0.0
de:08416:10614:0:1,de:08416:10615:0:1,1,1,0.0,0.0,0.0,0.0,0.0
de:08416:10615:0:1,de:08416:10616:0:1,1,1,0.0,0.0,0.0,0.0,0.0
de:08416:10616:0:1,de:08416:10617:0:1,1,1,0.0,0.0,0.0,0.0,0.0
de:08416:10617:0:1,de:08416:10618:0:4,1,1,0.0,0.0,0.0,0.0,0.0
de:08416:10108:0:4,de:08416:10107:0:4,2,2,,9.0,,9.0,
de:08416:10107:0:4,de:08416:10124:1:2,2,2,0.0,9.0,9.0,0.0,0.0
de:08416:10124:1:2,de:08416:10204:0:5,2,2,0.0,9.0,9.0,0.0,0.0
de:08416:11000:14:J,de:08416:11000:14:G,2,2,0.0,9.0,9.0,0.0,0.0
de:08416:11000:14:G,de:08416:10904:0:1,3,3,0.0,6.0,9.0,0.0,0.0
de:08416:10904:0:1,de:08416:13240:0:1,3,3,0.0,6.0,6.0,0.0,0.0
de:08416:13240:0:1,de:08416:13245:0:N,3,3,0.0,6.0,6.0,0.0,0.0
de:08416:13245:0:N,de:08416:3243:0:1,3,3,0.0,6.0,6.0,0.0,0.0
de:08416:3243:0:1,de:08416:3250:0:1,3,3,0.0,6.0,6.0,0.0,0.0
de:08416:3250:0:1,de:08416:3251:0:1,3,3,0.0,6.0,6.0,0.0,0.0
de:08416:3251:0:1,de:08416:1004:1:D,3,3,0.0,6.0,6.0,0.0,0.0
de:08416:1004:1:D,de:08416:3104:0:1,2,2,-1.0,8.0,9.0,-1.0,0.0
de:08416:3104:0:1,de:08416:3247:0:2,2,2,0.0,8.0,8.0,0.0,0.0
de:08416:3247:0:2,de:08416:3248:0:2,2,2,0.0,8.0,8.0,0.0,0.0
de:08416:3248:0:2,de:08416:3256:0:1,2,2,0.0,8.0,8.0,0.0,0.0
de:08416:3256:0:1,de:08416:3241:0:1,2,2,0.0,8.0,8.0,0.0,0.0
de:08416:3241:0:1,de:08416:5240:0:W,1,1,0.0,8.7,8.7,0.0,0.0
de:08416:5240:0:O,de:08416:3241:0:2,2,2,,0.0,,0.0,
de:08416:3241:0:2,de:08416:3256:0:2,3,3,0.0,3.033,0.0,0.0,0.0
de:08416:3256:0:2,de:08416:3248:0:1,3,3,2.833,5.867,3.033,2.833,2.833
de:08416:3248:0:1,de:08416:3247:0:1,3,3,-0.067,5.8,5.867,-0.067,0.0
de:08416:3247:0:1,de:08416:3103:0:0,3,3,-0.367,5.433,5.8,-0.367,0.0
de:08416:3103:0:0,de:08416:1004:1:E,3,3,0.867,6.3,5.433,0.867,0.867
de:08416:1004:1:E,de:08416:3251:0:2,3,3,-1.133,5.167,6.3,-1.133,0.0
de:08416:3251:0:2,de:08416:3250:0:2,3,3,0.133,5.3,5.167,0.133,0.133
de:08416:3250:0:2,de:08416:3243:0:2,3,3,-0.3,5.0,5.3,-0.3,0.0
de:08416:3243:0:2,de:08416:13245:0:S,3,3,-0.267,4.733,5.0,-0.267,0.0
de:08416:13245:0:S,de:08416:13240:0:4,3,3,0.333,5.067,4.733,0.333,0.333
de:08416:13240:0:4,de:08416:10904:0:4,3,3,0.833,5.9,5.067,0.833,0.833
de:08416:10124:2:1,de:08416:10107:0:1,3,3,0.0,5.367,5.367,0.0,0.0
de:08416:4004:0:0,de:08415:29170:0:1,2,2,0.0,0.0,0.0,0.0,0.0
de:08416:10614:0:1,de:08416:10801:0:1,3,3,0.0,0.0,0.0,0.0,0.0
de:08416:11000:15:N,de:08416:10517:0:1,6,6,,0.0,,0.0,
de:08416:10801:0:1,de:08416:4404:0:1,6,6,0.0,0.0,0.0,0.0,0.0
de:08416:4404:0:1,de:08416:4010:0:2,6,6,0.0,0.0,0.0,0.0,0.0
de:08416:4010:0:2,de:08416:4402:0:2,6,6,0.0,0.0,0.0,0.0,0.0
de:08416:4402:0:2,de:08416:4403:0:1,6,6,0.0,0.0,0.0,0.0,0.0
de:08416:4403:0:1,de:08416:4005:0:1,6,6,0.0,0.0,0.0,0.0,0.0
de:08416:4005:0:1,de:08416:4405:0:1,3,3,0.0,0.0,0.0,0.0,0.0
de:08416:4405:0:1,de:08416:4008:0:1,3,3,0.0,0.0,0.0,0.0,0.0
de:08416:4008:0:1,de:08416:4407:0:2,1,1,0.0,0.0,0.0,0.0,0.0
de:08416:4407:0:2,de:08416:4421:0:1,1,1,0.0,0.0,0.0,0.0,0.0
de:08416:4421:0:1,de:08416:4409:0:1,6,6,0.0,0.0,0.0,0.0,0.0
de:08416:4409:0:1,de:08416:4410:0:1,6,6,0.0,0.0,0.0,0.0,0.0
de:08416:4410:0:1,de:08416:4419:0:0,5,5,1.2,1.2,0.0,1.2,1.2
de:08416:4419:0:0,de:08416:4411:0:2,5,5,0.4,1.6,1.2,0.4,0.4
de:08416:4411:0:2,de:08416:4412:0:2,5,5,0.4,2.0,1.6,0.4,0.4
de:08416:4412:0:2,de:08416:4422:0:2,5,5,0.4,2.4,2.0,0.4,0.4
de:08416:4422:0:2,de:08416:4415:0:1,5,5,0.4,2.8,2.4,0.4,0.4
de:08416:4415:0:1,de:08416:4499:0:2,5,5,0.4,3.2,2.8,0.4,0.4
de:08416:4499:0:2,de:08416:4410:0:1,2,2,-8.0,0.0,8.0,-8.0,0.0
de:08416:4008:0:1,de:08416:4421:0:1,1,1,0.0,0.0,0.0,0.0,0.0
de:08416:4005:0:1,de:08416:4008:0:1,3,3,0.0,0.0,0.0,0.0,0.0
de:08416:4008:0:1,de:08416:4407:0:1,4,4,0.0,0.0,0.0,0.0,0.0
de:08416:4407:0:1,de:08416:4421:0:1,4,4,0.0,0.0,0.0,0.0,0.0
de:08416:4499:0:2,de:08416:4410:0:3,3,3,0.0,0.0,0.0,0.0,0.0
de:08416:11000:13:M,de:08416:10520:0:3,1,1,,0.0,,0.0,
de:08416:10520:0:3,de:08416:10503:0:1,1,1,0.0,0.0,0.0,0.0,0.0
de:08416:10503:0:1,de:08416:10505:0:1,1,1,0.0,0.0,0.0,0.0,0.0
de:08416:10505:0:1,de:08416:10305:0:1,1,1,0.0,0.0,0.0,0.0,0.0
de:08416:10305:0:1,de:08416:16350:0:1,1,1,0.0,0.0,0.0,0.0,0.0
de:08416:16350:0:1,de:08115:7036:0:4,1,1,0.0,0.0,0.0,0.0,0.0
de:08115:7036:0:4,de:08416:6352:0:1,1,1,0.0,0.0,0.0,0.0,0.0
de:08416:6352:0:1,de:08416:6348,1,1,,,0.0,0.0,
de:08416:6348,de:08416:6349:2:1,1,1,,0.0,,0.0,
de:08416:6349:2:1,de:08416:6353:0:1,1,1,0.0,0.0,0.0,0.0,0.0
de:08416:6353:0:1,de:08115:2815:0:4,1,1,0.0,0.0,0.0,0.0,0.0
de:08115:2815:0:4,de:08115:3119:1:4,1,1,0.0,0.0,0.0,0.0,0.0
de:08115:3119:1:4,de:08115:3129:0:4,1,1,0.0,0.0,0.0,0.0,0.0
de:08115:3129:0:4,de:08115:3118:0:4,1,1,0.0,0.0,0.0,0.0,0.0
de:08115:3118:0:4,de:08115:3122:0:4,1,1,0.0,0.0,0.0,0.0,0.0
de:08115:3122:0:4,de:08115:3130:0:4,1,1,0.0,0.0,0.0,0.0,0.0
de:08115:3130:0:4,de:08115:3131:0:4,1,1,0.0,0.0,0.0,0.0,0.0
de:08115:3131:0:4,de:08115:7106:1:4,1,1,0.0,0.0,0.0,0.0,0.0
de:08115:7106:1:4,de:08115:7108:0:4,1,1,0.0,0.0,0.0,0.0,0.0
de:08115:7108:0:4,de:08115:7111:1:4,1,1,0.0,0.0,0.0,0.0,0.0
de:08115:7111:1:4,de:08116:7104:1:4,1,1,0.0,0.0,0.0,0.0,0.0
de:08116:7104:1:4,de:08116:7177:0:4,1,1,0.0,0.0,0.0,0.0,0.0
de:08116:7177:0:4,de:08116:2142:0:4,1,1,0.0,0.0,0.0,0.0,0.0
de:08116:2142:0:4,de:08116:3113:0:4,1,1,0.0,0.0,0.0,0.0,0.0
de:08116:3113:0:4,de:08116:7179:0:3,1,1,0.0,0.0,0.0,0.0,0.0
de:08116:7179:0:3,de:08116:7178:1:4,1,1,0.0,0.0,0.0,0.0,0.0
de:08116:7178:1:4,de:08116:7003:2:1,1,1,0.0,0.0,0.0,0.0,0.0
de:08116:7003:2:1,de:08116:7180:1:4,1,1,0.0,0.0,0.0,0.0,0.0
de:08116:7180:1:4,de:08116:2102:0:3,1,1,0.0,0.0,0.0,0.0,0.0
de:08116:2102:0:3,de:08116:7182:0:4,1,1,0.0,0.0,0.0,0.0,0.0
de:08116:7182:0:4,de:08116:2103:3:2,1,1,0.0,0.0,0.0,0.0,0.0
de:08116:2103:3:2,de:08116:7182:0:3,1,1,,0.0,,0.0,
de:08116:7182:0:3,de:08116:7180:2:3,1,1,0.0,0.0,0.0,0.0,0.0
de:08116:7180:2:3,de:08116:7003:2:3,1,1,0.0,0.0,0.0,0.0,0.0
de:08116:7003:2:3,de:08116:7178:2:3,1,1,0.0,0.0,0.0,0.0,0.0
de:08116:7178:2:3,de:08116:7179:0:3,1,1,0.0,0.0,0.0,0.0,0.0
de:08116:7179:0:3,de:08116:3113:0:3,1,1,0.0,0.0,0.0,0.0,0.0
de:08116:3113:0:3,de:08116:2142:0:3,1,1,0.0,0.0,0.0,0.0,0.0
de:08116:2142:0:3,de:08116:7177:0:3,1,1,0.0,0.0,0.0,0.0,0.0
de:08116:7177:0:3,de:08116:7104:1:3,1,1,0.0,0.0,0.0,0.0,0.0
de:08116:7104:1:3,de:08115:7111:1:3,1,1,0.0,0.0,0.0,0.0,0.0
de:08115:7111:1:3,de:08115:3119:1:3,1,1,0.0,0.0,0.0,0.0,0.0
de:08115:3119:1:3,de:08115:2815:0:3,1,1,0.0,0.0,0.0,0.0,0.0
de:08115:2815:0:3,de:08416:6353:0:4,1,1,0.0,0.0,0.0,0.0,0.0
de:08416:6353:0:4,de:08416:6352:0:4,1,1,0.0,0.0,0.0,0.0,0.0
de:08416:6352:0:4,de:08115:7036:0:3,1,1,0.0,0.0,0.0,0.0,0.0
de:08115:7036:0:3,de:08416:16350:0:4,1,1,0.0,0.0,0.0,0.0,0.0
de:08416:16350:0:4,de:08416:10305:0:4,1,1,0.0,0.0,0.0,0.0,0.0
de:08416:10305:0:4,de:08416:10505:0:4,1,1,0.0,0.0,0.0,0.0,0.0
de:08416:10501:0:4,de:08416:11000:13:M,1,1,0.0,0.0,0.0,0.0,0.0
